movie_id,movie_name,movie_url,movie_year
627896,捉妖记,http://www.cbooo.cn/m/627896,2015
614981,寻龙诀,http://www.cbooo.cn/m/614981,2015
618038,港囧,http://www.cbooo.cn/m/618038,2015
628183,夏洛特烦恼,http://www.cbooo.cn/m/628183,2015
629410,煎饼侠,http://www.cbooo.cn/m/629410,2015
627594,澳门风云2,http://www.cbooo.cn/m/627594,2015
630887,西游记之大圣归来,http://www.cbooo.cn/m/630887,2015
617155,老炮儿,http://www.cbooo.cn/m/617155,2015
636000,碟中谍5：神秘国度,http://www.cbooo.cn/m/636000,2015
638436,唐人街探案,http://www.cbooo.cn/m/638436,2015
626314,天将雄师,http://www.cbooo.cn/m/626314,2015
612432,狼图腾,http://www.cbooo.cn/m/612432,2015
615300,九层妖塔,http://www.cbooo.cn/m/615300,2015
631030,恶棍天使,http://www.cbooo.cn/m/631030,2015
617809,杀破狼2,http://www.cbooo.cn/m/617809,2015
617165,战狼,http://www.cbooo.cn/m/617165,2015
637578,滚蛋吧！肿瘤君,http://www.cbooo.cn/m/637578,2015
617351,小时代4：灵魂尽头,http://www.cbooo.cn/m/617351,2015
618528,左耳,http://www.cbooo.cn/m/618528,2015
630178,奔跑吧！兄弟,http://www.cbooo.cn/m/630178,2015
639056,百团大战,http://www.cbooo.cn/m/639056,2015
614827,钟馗伏魔：雪妖魔灵,http://www.cbooo.cn/m/614827,2015
617702,道士下山,http://www.cbooo.cn/m/617702,2015
629465,栀子花开,http://www.cbooo.cn/m/629465,2015
626506,重返20岁,http://www.cbooo.cn/m/626506,2015
630765,何以笙箫默,http://www.cbooo.cn/m/630765,2015
631343,万万没想到,http://www.cbooo.cn/m/631343,2015
629494,横冲直撞好莱坞,http://www.cbooo.cn/m/629494,2015
617356,烈日灼心,http://www.cbooo.cn/m/617356,2015
629949,熊出没之雪岭熊风,http://www.cbooo.cn/m/629949,2015
627393,咱们结婚吧,http://www.cbooo.cn/m/627393,2015
627004,有一个地方只有我们知道,http://www.cbooo.cn/m/627004,2015
637665,前任2：备胎反击战,http://www.cbooo.cn/m/637665,2015
639004,极盗者,http://www.cbooo.cn/m/639004,2015
630414,爸爸去哪儿2,http://www.cbooo.cn/m/630414,2015
627482,失孤,http://www.cbooo.cn/m/627482,2015
631325,我是证人,http://www.cbooo.cn/m/631325,2015
618734,赤道,http://www.cbooo.cn/m/618734,2015
631264,解救吾先生,http://www.cbooo.cn/m/631264,2015
626778,新娘大作战,http://www.cbooo.cn/m/626778,2015
385808,第七子：降魔之战,http://www.cbooo.cn/m/385808,2015
638821,怦然星动,http://www.cbooo.cn/m/638821,2015
627643,冲上云霄,http://www.cbooo.cn/m/627643,2015
628394,谜城,http://www.cbooo.cn/m/628394,2015
629090,万物生长,http://www.cbooo.cn/m/629090,2015
627886,破风,http://www.cbooo.cn/m/627886,2015
607363,王朝的女人·杨贵妃,http://www.cbooo.cn/m/607363,2015
631012,玩命速递：重启之战,http://www.cbooo.cn/m/631012,2015
628143,爸爸的假期,http://www.cbooo.cn/m/628143,2015
618119,不可思异,http://www.cbooo.cn/m/618119,2015
631838,像素大战,http://www.cbooo.cn/m/631838,2015
640376,一念天堂,http://www.cbooo.cn/m/640376,2015
619619,消失的凶手,http://www.cbooo.cn/m/619619,2015
638444,洛克王国4：出发！巨人谷,http://www.cbooo.cn/m/638444,2015
627016,第三种爱情,http://www.cbooo.cn/m/627016,2015
639256,黑猫警长之翡翠之星,http://www.cbooo.cn/m/639256,2015
628791,一路惊喜,http://www.cbooo.cn/m/628791,2015
616397,有种你爱我,http://www.cbooo.cn/m/616397,2015
629414,命中注定,http://www.cbooo.cn/m/629414,2015
629953,喜羊羊与灰太狼之羊年喜羊羊,http://www.cbooo.cn/m/629953,2015
637786,桂宝之爆笑闯宇宙,http://www.cbooo.cn/m/637786,2015
618612,我是路人甲,http://www.cbooo.cn/m/618612,2015
629493,一代宗师3D,http://www.cbooo.cn/m/629493,2015
629335,陪安东尼度过漫长岁月,http://www.cbooo.cn/m/629335,2015
618352,剩者为王,http://www.cbooo.cn/m/618352,2015
7954,刺客聂隐娘,http://www.cbooo.cn/m/7954,2015
630582,从天“儿”降,http://www.cbooo.cn/m/630582,2015
630555,赛尔号5：雷神崛起,http://www.cbooo.cn/m/630555,2015
628326,师父,http://www.cbooo.cn/m/628326,2015
629580,恋爱中的城市,http://www.cbooo.cn/m/629580,2015
630468,太平轮：彼岸,http://www.cbooo.cn/m/630468,2015
627027,少年班,http://www.cbooo.cn/m/627027,2015
628823,既然青春留不住,http://www.cbooo.cn/m/628823,2015
638989,杜拉拉追婚记,http://www.cbooo.cn/m/638989,2015
615796,华丽上班族,http://www.cbooo.cn/m/615796,2015
630935,坏蛋必须死,http://www.cbooo.cn/m/630935,2015
613404,暴疯语,http://www.cbooo.cn/m/613404,2015
638443,潜艇总动员5：时光宝盒,http://www.cbooo.cn/m/638443,2015
638407,猪猪侠之终极决战,http://www.cbooo.cn/m/638407,2015
641422,圣诞大赢家,http://www.cbooo.cn/m/641422,2015
630111,十月初五的月光,http://www.cbooo.cn/m/630111,2015
628144,宅女侦探桂香,http://www.cbooo.cn/m/628144,2015
630911,将错就错,http://www.cbooo.cn/m/630911,2015
638879,巴啦啦小魔仙之魔箭公主,http://www.cbooo.cn/m/638879,2015
630506,神探驾到,http://www.cbooo.cn/m/630506,2015
627766,山河故人,http://www.cbooo.cn/m/627766,2015
628171,新步步惊心,http://www.cbooo.cn/m/628171,2015
628375,土豪520,http://www.cbooo.cn/m/628375,2015
630484,兔侠之青黎传说,http://www.cbooo.cn/m/630484,2015
631062,一万年以后,http://www.cbooo.cn/m/631062,2015
615868,封门诡影,http://www.cbooo.cn/m/615868,2015
629956,功夫,http://www.cbooo.cn/m/629956,2015
639128,龙在哪里?,http://www.cbooo.cn/m/639128,2015
618610,暴走神探,http://www.cbooo.cn/m/618610,2015
614395,白幽灵传奇之绝命逃亡,http://www.cbooo.cn/m/614395,2015
630556,三只小猪与神灯,http://www.cbooo.cn/m/630556,2015
627038,一个勺子,http://www.cbooo.cn/m/627038,2015
627447,可爱的你,http://www.cbooo.cn/m/627447,2015
609631,闯堂兔2疯狂马戏团,http://www.cbooo.cn/m/609631,2015
638434,张震讲故事之鬼迷心窍,http://www.cbooo.cn/m/638434,2015
617807,冲锋车,http://www.cbooo.cn/m/617807,2015
630478,谍·莲花,http://www.cbooo.cn/m/630478,2015
629338,重生爱人,http://www.cbooo.cn/m/629338,2015
616380,北京·纽约,http://www.cbooo.cn/m/616380,2015
618518,巴黎假期,http://www.cbooo.cn/m/618518,2015
629349,守信少年,http://www.cbooo.cn/m/629349,2015
638406,美人鱼之海盗来袭,http://www.cbooo.cn/m/638406,2015
627626,旋风九日,http://www.cbooo.cn/m/627626,2015
628129,通灵之六世古宅,http://www.cbooo.cn/m/628129,2015
639404,魔镜奇缘,http://www.cbooo.cn/m/639404,2015
631788,阿里巴巴大盗奇兵,http://www.cbooo.cn/m/631788,2015
626126,我是女王,http://www.cbooo.cn/m/626126,2015
631302,吉星高照2015,http://www.cbooo.cn/m/631302,2015
627008,十二公民,http://www.cbooo.cn/m/627008,2015
628411,咕噜咕噜美人鱼,http://www.cbooo.cn/m/628411,2015
631359,年少轻狂,http://www.cbooo.cn/m/631359,2015
638757,落跑吧，爱情,http://www.cbooo.cn/m/638757,2015
641972,分手再说我爱你,http://www.cbooo.cn/m/641972,2015
625944,我的青春期,http://www.cbooo.cn/m/625944,2015
629498,七月半之恐怖宿舍,http://www.cbooo.cn/m/629498,2015
617154,三城记,http://www.cbooo.cn/m/617154,2015
639859,战火中的芭蕾,http://www.cbooo.cn/m/639859,2015
627833,别有动机,http://www.cbooo.cn/m/627833,2015
640871,喜马拉雅天梯,http://www.cbooo.cn/m/640871,2015
638409,白雪公主之神秘爸爸,http://www.cbooo.cn/m/638409,2015
630525,龙骑侠,http://www.cbooo.cn/m/630525,2015
630504,心迷宫,http://www.cbooo.cn/m/630504,2015
639889,笔仙魔咒,http://www.cbooo.cn/m/639889,2015
628133,魔镜,http://www.cbooo.cn/m/628133,2015
629560,情敌蜜月,http://www.cbooo.cn/m/629560,2015
617612,闯入者,http://www.cbooo.cn/m/617612,2015
627524,黑瞳,http://www.cbooo.cn/m/627524,2015
628715,爱我就陪我看电影,http://www.cbooo.cn/m/628715,2015
627562,惊魂电影院,http://www.cbooo.cn/m/627562,2015
631109,半夜叫你别回头,http://www.cbooo.cn/m/631109,2015
611503,夺命旅行,http://www.cbooo.cn/m/611503,2015
638747,奥拉星：进击圣殿,http://www.cbooo.cn/m/638747,2015
637829,诱狼,http://www.cbooo.cn/m/637829,2015
628403,长江7号：超萌特攻队,http://www.cbooo.cn/m/628403,2015
627946,男神时代,http://www.cbooo.cn/m/627946,2015
616185,三更车库,http://www.cbooo.cn/m/616185,2015
631690,浪漫天降,http://www.cbooo.cn/m/631690,2015
630772,大喜临门,http://www.cbooo.cn/m/630772,2015
630521,怪谈,http://www.cbooo.cn/m/630521,2015
630923,蜡笔总动员,http://www.cbooo.cn/m/630923,2015
632370,猛龙特囧,http://www.cbooo.cn/m/632370,2015
596436,放飞理想,http://www.cbooo.cn/m/596436,2015
637884,水墨大别山,http://www.cbooo.cn/m/637884,2015
639002,汽车人总动员,http://www.cbooo.cn/m/639002,2015
638277,一路向前,http://www.cbooo.cn/m/638277,2015
630094,擦枪走火,http://www.cbooo.cn/m/630094,2015
638389,我是谁2015,http://www.cbooo.cn/m/638389,2015
638445,金箍棒传奇2：沙僧的逆袭,http://www.cbooo.cn/m/638445,2015
638432,再见我们的十年,http://www.cbooo.cn/m/638432,2015
612022,星语心愿之再爱,http://www.cbooo.cn/m/612022,2015
637666,异种,http://www.cbooo.cn/m/637666,2015
588292,遥远的拥抱,http://www.cbooo.cn/m/588292,2015
631467,奇幻女侠,http://www.cbooo.cn/m/631467,2015
630741,见习警员白忆男之初来乍到,http://www.cbooo.cn/m/630741,2015
640883,男左女右,http://www.cbooo.cn/m/640883,2015
642050,老人，孩子和外国人,http://www.cbooo.cn/m/642050,2015
639837,民工·老大·老板,http://www.cbooo.cn/m/639837,2015
593416,赤狼蚁,http://www.cbooo.cn/m/593416,2015
630519,宝贝，对不起,http://www.cbooo.cn/m/630519,2015
617391,藏羚王之雪域精灵,http://www.cbooo.cn/m/617391,2015
638997,小猪班纳大电影之梦想大“帽”险,http://www.cbooo.cn/m/638997,2015
629797,恐怖游泳馆,http://www.cbooo.cn/m/629797,2015
639428,天眼传奇,http://www.cbooo.cn/m/639428,2015
630112,枕边诡影,http://www.cbooo.cn/m/630112,2015
639518,为了这片土地,http://www.cbooo.cn/m/639518,2015
638658,人皮拼图,http://www.cbooo.cn/m/638658,2015
628733,灵臆事件,http://www.cbooo.cn/m/628733,2015
608188,极地大反攻,http://www.cbooo.cn/m/608188,2015
639413,诡影迷情,http://www.cbooo.cn/m/639413,2015
630610,穿越硝烟的歌声,http://www.cbooo.cn/m/630610,2015
639124,红髅,http://www.cbooo.cn/m/639124,2015
631060,探灵档案,http://www.cbooo.cn/m/631060,2015
630044,我爸比我小四岁,http://www.cbooo.cn/m/630044,2015
630092,爱之初体验,http://www.cbooo.cn/m/630092,2015
639397,轩辕剑传奇,http://www.cbooo.cn/m/639397,2015
639642,双生灵,http://www.cbooo.cn/m/639642,2015
627764,我只要我们在一起,http://www.cbooo.cn/m/627764,2015
617756,无敌小飞猪,http://www.cbooo.cn/m/617756,2015
626279,特功明星,http://www.cbooo.cn/m/626279,2015
627543,狂野飞车,http://www.cbooo.cn/m/627543,2015
638253,诡娃娃,http://www.cbooo.cn/m/638253,2015
631292,魔卡行动,http://www.cbooo.cn/m/631292,2015
627601,对风说爱你,http://www.cbooo.cn/m/627601,2015
594589,兔子镇的火狐狸,http://www.cbooo.cn/m/594589,2015
640214,诡劫,http://www.cbooo.cn/m/640214,2015
619126,索命暹罗之按摩师,http://www.cbooo.cn/m/619126,2015
638426,墓穴迷城,http://www.cbooo.cn/m/638426,2015
629068,雨夜惊魂,http://www.cbooo.cn/m/629068,2015
639010,西游新传2：真心话大冒险,http://www.cbooo.cn/m/639010,2015
629427,死亡之谜之双鱼玉佩,http://www.cbooo.cn/m/629427,2015
638614,亲，别怕,http://www.cbooo.cn/m/638614,2015
638985,没女神探,http://www.cbooo.cn/m/638985,2015
625912,菜鸟,http://www.cbooo.cn/m/625912,2015
629461,搏击迷城,http://www.cbooo.cn/m/629461,2015
641095,我的处女地,http://www.cbooo.cn/m/641095,2015
615111,摇滚英雄,http://www.cbooo.cn/m/615111,2015
628127,热血男人帮,http://www.cbooo.cn/m/628127,2015
639363,邓小平登黄山,http://www.cbooo.cn/m/639363,2015
628362,1980年代的爱情,http://www.cbooo.cn/m/628362,2015
630553,超能兔战队,http://www.cbooo.cn/m/630553,2015
637885,回到被爱的每一天,http://www.cbooo.cn/m/637885,2015
639634,犹太女孩在上海2：项链密码,http://www.cbooo.cn/m/639634,2015
616527,悬战,http://www.cbooo.cn/m/616527,2015
612790,王子与108煞,http://www.cbooo.cn/m/612790,2015
631787,陌路惊笑,http://www.cbooo.cn/m/631787,2015
608157,最美的时候遇见你,http://www.cbooo.cn/m/608157,2015
627094,大宅男,http://www.cbooo.cn/m/627094,2015
631360,枪过境,http://www.cbooo.cn/m/631360,2015
631436,拳霸风云,http://www.cbooo.cn/m/631436,2015
639469,诡打墙,http://www.cbooo.cn/m/639469,2015
637793,迷与狂,http://www.cbooo.cn/m/637793,2015
628739,黄金福将,http://www.cbooo.cn/m/628739,2015
639870,东北偏北,http://www.cbooo.cn/m/639870,2015
641098,魔比斯环3D,http://www.cbooo.cn/m/641098,2015
631697,少年毛泽东,http://www.cbooo.cn/m/631697,2015
639848,我是大熊猫之熊猫大侠,http://www.cbooo.cn/m/639848,2015
638428,恋爱排班表,http://www.cbooo.cn/m/638428,2015
630867,全能囧爸,http://www.cbooo.cn/m/630867,2015
631043,味道中国,http://www.cbooo.cn/m/631043,2015
639355,默守那份情,http://www.cbooo.cn/m/639355,2015
618331,斗地主,http://www.cbooo.cn/m/618331,2015
618036,家在水草丰茂的地方,http://www.cbooo.cn/m/618036,2015
630110,我要你开花,http://www.cbooo.cn/m/630110,2015
639352,等爱归来,http://www.cbooo.cn/m/639352,2015
630697,新年来啦之大闹除夕,http://www.cbooo.cn/m/630697,2015
642007,白蛇传（戏曲）,http://www.cbooo.cn/m/642007,2015
637870,约定倒计时,http://www.cbooo.cn/m/637870,2015
596980,天亮·分手,http://www.cbooo.cn/m/596980,2015
637896,情满人间,http://www.cbooo.cn/m/637896,2015
618099,我是奋青,http://www.cbooo.cn/m/618099,2015
637794,少女哪吒,http://www.cbooo.cn/m/637794,2015
618788,摇滚水果,http://www.cbooo.cn/m/618788,2015
613126,顺风车,http://www.cbooo.cn/m/613126,2015
628644,紫霞,http://www.cbooo.cn/m/628644,2015
640856,零点杀机,http://www.cbooo.cn/m/640856,2015
629080,非你勿扰,http://www.cbooo.cn/m/629080,2015
637569,电商时代,http://www.cbooo.cn/m/637569,2015
640890,妈妈让我再爱你一次,http://www.cbooo.cn/m/640890,2015
590052,时光大战,http://www.cbooo.cn/m/590052,2015
608134,红楼梦（昆曲）,http://www.cbooo.cn/m/608134,2015
614591,启功,http://www.cbooo.cn/m/614591,2015
642425,根据地,http://www.cbooo.cn/m/642425,2015
617538,美丽笨女人,http://www.cbooo.cn/m/617538,2015
629902,女神跟我走,http://www.cbooo.cn/m/629902,2015
629135,穷途,http://www.cbooo.cn/m/629135,2015
628812,小七,http://www.cbooo.cn/m/628812,2015
642985,奔跑吧！孩子,http://www.cbooo.cn/m/642985,2015
628622,大变局之梦回甲午,http://www.cbooo.cn/m/628622,2015
642256,胜利大阅兵,http://www.cbooo.cn/m/642256,2015
618431,守梦者,http://www.cbooo.cn/m/618431,2015
596959,情剑,http://www.cbooo.cn/m/596959,2015
629037,湖杀令,http://www.cbooo.cn/m/629037,2015
611180,哺乳期的女人,http://www.cbooo.cn/m/611180,2015
617338,探秘者,http://www.cbooo.cn/m/617338,2015
639339,激战黎明,http://www.cbooo.cn/m/639339,2015
627802,相伴库里申科,http://www.cbooo.cn/m/627802,2015
628470,时间都去哪了,http://www.cbooo.cn/m/628470,2015
638957,囧贼,http://www.cbooo.cn/m/638957,2015
625932,母亲的梦想,http://www.cbooo.cn/m/625932,2015
618595,奔驰的大葱,http://www.cbooo.cn/m/618595,2015
630912,家有虎妻,http://www.cbooo.cn/m/630912,2015
630304,红包,http://www.cbooo.cn/m/630304,2015
630095,梦行者,http://www.cbooo.cn/m/630095,2015
629421,幸福很囧,http://www.cbooo.cn/m/629421,2015
638424,因为谷桂花,http://www.cbooo.cn/m/638424,2015
631272,遭遇海明威,http://www.cbooo.cn/m/631272,2015
638437,简单爱,http://www.cbooo.cn/m/638437,2015
630959,桑榆街9号,http://www.cbooo.cn/m/630959,2015
639141,爱情魔发师,http://www.cbooo.cn/m/639141,2015
639403,男人制造,http://www.cbooo.cn/m/639403,2015
631313,甲方乙方,http://www.cbooo.cn/m/631313,2015
595590,海岛之恋,http://www.cbooo.cn/m/595590,2015
639887,传奇状元伦文叙,http://www.cbooo.cn/m/639887,2015
629456,分手不分手,http://www.cbooo.cn/m/629456,2015
619165,桔子的天空,http://www.cbooo.cn/m/619165,2015
639499,正果,http://www.cbooo.cn/m/639499,2015
630387,痞子·洛克,http://www.cbooo.cn/m/630387,2015
626458,不能错过,http://www.cbooo.cn/m/626458,2015
627591,无法证明,http://www.cbooo.cn/m/627591,2015
630011,角逐,http://www.cbooo.cn/m/630011,2015
646984,燃烧的影像,http://www.cbooo.cn/m/646984,2015
640831,铁血残阳,http://www.cbooo.cn/m/640831,2015
639322,一刻十年,http://www.cbooo.cn/m/639322,2015
637548,河,http://www.cbooo.cn/m/637548,2015
641080,这里是新疆,http://www.cbooo.cn/m/641080,2015
629405,梦开始的地方,http://www.cbooo.cn/m/629405,2015
631814,公路美人,http://www.cbooo.cn/m/631814,2015
627771,钢铁，是这样炼成的,http://www.cbooo.cn/m/627771,2015
630982,火云端,http://www.cbooo.cn/m/630982,2015
594157,我是大明星,http://www.cbooo.cn/m/594157,2015
637987,东莞女孩,http://www.cbooo.cn/m/637987,2015
631332,热情奏鸣曲,http://www.cbooo.cn/m/631332,2015
614923,永远的守望,http://www.cbooo.cn/m/614923,2015
593957,璀璨的婚礼,http://www.cbooo.cn/m/593957,2015
631006,小西天狄道传奇,http://www.cbooo.cn/m/631006,2015
626933,状元媒,http://www.cbooo.cn/m/626933,2015
628693,鹰笛·雪莲,http://www.cbooo.cn/m/628693,2015
638744,天边的孩子,http://www.cbooo.cn/m/638744,2015
627789,天使：生命处方,http://www.cbooo.cn/m/627789,2015
631314,不见不散,http://www.cbooo.cn/m/631314,2015
640370,受降前夕,http://www.cbooo.cn/m/640370,2015
641170,男二本色,http://www.cbooo.cn/m/641170,2015
640860,黄河,http://www.cbooo.cn/m/640860,2015
631077,伞头和他的女人,http://www.cbooo.cn/m/631077,2015
628871,水晶女孩,http://www.cbooo.cn/m/628871,2015
618141,木偶传奇,http://www.cbooo.cn/m/618141,2015
627059,军号密码,http://www.cbooo.cn/m/627059,2015
637827,苏武牧羊 豫剧,http://www.cbooo.cn/m/637827,2015
618086,爸爸的晚餐,http://www.cbooo.cn/m/618086,2015
639645,心跳戈壁,http://www.cbooo.cn/m/639645,2015
596950,山间传来牛铃声,http://www.cbooo.cn/m/596950,2015
611492,踏雪寻梅,http://www.cbooo.cn/m/611492,2015
639073,柴生芳,http://www.cbooo.cn/m/639073,2015
594166,乡村不寂寞,http://www.cbooo.cn/m/594166,2015
629034,天各一方,http://www.cbooo.cn/m/629034,2015
618896,天生有福,http://www.cbooo.cn/m/618896,2015
614136,新青春之歌,http://www.cbooo.cn/m/614136,2015
614957,我是乡下爷,http://www.cbooo.cn/m/614957,2015
642678,娘家人,http://www.cbooo.cn/m/642678,2015
617352,赵氏孤儿（秦腔）,http://www.cbooo.cn/m/617352,2015
630989,少年杨靖宇,http://www.cbooo.cn/m/630989,2015
610065,国徽,http://www.cbooo.cn/m/610065,2015
619122,公鸡母鸡拖拉机,http://www.cbooo.cn/m/619122,2015
619614,时尚女郎之女人江湖,http://www.cbooo.cn/m/619614,2015
643558,山村母亲（戏曲）,http://www.cbooo.cn/m/643558,2015
638390,阳光总在风雨后,http://www.cbooo.cn/m/638390,2015
638961,谍战锦屏山,http://www.cbooo.cn/m/638961,2015
641012,莫日根,http://www.cbooo.cn/m/641012,2015
628459,漫瀚调,http://www.cbooo.cn/m/628459,2015
628724,大音,http://www.cbooo.cn/m/628724,2015
629087,龙潭夺宝,http://www.cbooo.cn/m/629087,2015
612275,北京时间,http://www.cbooo.cn/m/612275,2015
638397,姑鲁之恋,http://www.cbooo.cn/m/638397,2015
642693,油菜花儿开,http://www.cbooo.cn/m/642693,2015
613589,无脚鸟,http://www.cbooo.cn/m/613589,2015
627877,风雨日升昌,http://www.cbooo.cn/m/627877,2015
629353,山丹丹花儿开,http://www.cbooo.cn/m/629353,2015
630624,最美的承诺,http://www.cbooo.cn/m/630624,2015
642989,那些女人,http://www.cbooo.cn/m/642989,2015
613130,情战,http://www.cbooo.cn/m/613130,2015
629762,阿凡提和阿瓦提,http://www.cbooo.cn/m/629762,2015
637988,敌后文工队,http://www.cbooo.cn/m/637988,2015
642651,浴血反击,http://www.cbooo.cn/m/642651,2015
615141,诺苏之鹰,http://www.cbooo.cn/m/615141,2015
619120,临沧的诱惑,http://www.cbooo.cn/m/619120,2015
637981,糯米的苹果,http://www.cbooo.cn/m/637981,2015
639417,保山,http://www.cbooo.cn/m/639417,2015
642670,一诺·千金,http://www.cbooo.cn/m/642670,2015
642741,敬礼检察官,http://www.cbooo.cn/m/642741,2015
611147,深圳的孩子,http://www.cbooo.cn/m/611147,2015
629205,心灵的眼睛,http://www.cbooo.cn/m/629205,2015
631429,暗剑,http://www.cbooo.cn/m/631429,2015
642546,守卫者,http://www.cbooo.cn/m/642546,2015
611162,少林寺探案传奇之大兴赌坊,http://www.cbooo.cn/m/611162,2015
615596,花都之恋,http://www.cbooo.cn/m/615596,2015
617743,路口,http://www.cbooo.cn/m/617743,2015
618796,我的23岁,http://www.cbooo.cn/m/618796,2015
626994,梦幻列车,http://www.cbooo.cn/m/626994,2015
628821,光荣使命,http://www.cbooo.cn/m/628821,2015
638884,追梦英雄,http://www.cbooo.cn/m/638884,2015
642955,白石山下一家人,http://www.cbooo.cn/m/642955,2015
618922,少年圆瑛,http://www.cbooo.cn/m/618922,2015
631544,留爱,http://www.cbooo.cn/m/631544,2015
642533,旺都之恋,http://www.cbooo.cn/m/642533,2015
642686,恋爱兄弟,http://www.cbooo.cn/m/642686,2015
642979,红鹰突击队之狙击,http://www.cbooo.cn/m/642979,2015
611167,少林寺探案传奇之催命符,http://www.cbooo.cn/m/611167,2015
639416,美丽乡愁,http://www.cbooo.cn/m/639416,2015
642015,日本战犯忏悔备忘录,http://www.cbooo.cn/m/642015,2015
642424,喋血神兵,http://www.cbooo.cn/m/642424,2015
642534,母亲的飞机场,http://www.cbooo.cn/m/642534,2015
642657,津门奇案之开枪,http://www.cbooo.cn/m/642657,2015
615104,山娃,http://www.cbooo.cn/m/615104,2015
629127,妮莎罕,http://www.cbooo.cn/m/629127,2015
630113,天机,http://www.cbooo.cn/m/630113,2015
631259,被风吹过的记忆,http://www.cbooo.cn/m/631259,2015
639298,何帅的爱情,http://www.cbooo.cn/m/639298,2015
642698,我们遇见松花湖,http://www.cbooo.cn/m/642698,2015
626460,抱养奇缘,http://www.cbooo.cn/m/626460,2015
627777,青春笔记,http://www.cbooo.cn/m/627777,2015
629104,奇袭胡家台,http://www.cbooo.cn/m/629104,2015
642387,乌珠穆沁的孩子,http://www.cbooo.cn/m/642387,2015
642421,平凡之路,http://www.cbooo.cn/m/642421,2015
642961,缉毒生死线,http://www.cbooo.cn/m/642961,2015
631730,七品知县进道观（豫剧）,http://www.cbooo.cn/m/631730,2015
642388,天降,http://www.cbooo.cn/m/642388,2015
642656,打开天窗说亮话,http://www.cbooo.cn/m/642656,2015
642980,多梦季节,http://www.cbooo.cn/m/642980,2015
616337,盗非盗,http://www.cbooo.cn/m/616337,2015
617789,119婚约,http://www.cbooo.cn/m/617789,2015
618755,谁来陪伴我,http://www.cbooo.cn/m/618755,2015
619655,一个人的恋情,http://www.cbooo.cn/m/619655,2015
629098,火车快跑,http://www.cbooo.cn/m/629098,2015
630884,东方欲晓,http://www.cbooo.cn/m/630884,2015
637992,余之香,http://www.cbooo.cn/m/637992,2015
642666,公证人之大卫之死,http://www.cbooo.cn/m/642666,2015
628483,石敢当之雄峙天东,http://www.cbooo.cn/m/628483,2015
642679,甜蜜的梦想,http://www.cbooo.cn/m/642679,2015
642680,麻辣白玉堂之致命棋局,http://www.cbooo.cn/m/642680,2015
642724,侠僧探案传奇之洛阳花会,http://www.cbooo.cn/m/642724,2015
642729,侠僧探案传奇之将军府,http://www.cbooo.cn/m/642729,2015
643118,瓯柑之恋,http://www.cbooo.cn/m/643118,2015
649912,极限挑战,http://www.cbooo.cn/m/649912,2015
628519,神犬小七,http://www.cbooo.cn/m/628519,2015
642701,哈尼药爷,http://www.cbooo.cn/m/642701,2015
642705,侠僧探案传奇之大夜叉,http://www.cbooo.cn/m/642705,2015
642769,豫东汉子,http://www.cbooo.cn/m/642769,2015
642695,爱在青山绿水间,http://www.cbooo.cn/m/642695,2015
642988,顾景舟,http://www.cbooo.cn/m/642988,2015
643121,胡奇才决战新开岭,http://www.cbooo.cn/m/643121,2015
628555,冰与火的青春,http://www.cbooo.cn/m/628555,2015
642662,好人常慧珍,http://www.cbooo.cn/m/642662,2015
642676,狐疑,http://www.cbooo.cn/m/642676,2015
627531,栖镇，等我,http://www.cbooo.cn/m/627531,2015
643120,婆婆 妈妈,http://www.cbooo.cn/m/643120,2015
642708,侠僧探案传奇之王陵之谜,http://www.cbooo.cn/m/642708,2015
639444,小时代4：灵魂尽头（纪录片版）,http://www.cbooo.cn/m/639444,2015
642696,铁马飞扬,http://www.cbooo.cn/m/642696,2015
642731,侠僧探案传奇之醉玲珑,http://www.cbooo.cn/m/642731,2015
642692,冒牌恋人,http://www.cbooo.cn/m/642692,2015
642759,吴健雄,http://www.cbooo.cn/m/642759,2015
642773,盛夏,http://www.cbooo.cn/m/642773,2015
643119,太行乳汁,http://www.cbooo.cn/m/643119,2015
642736,小锅盖当官,http://www.cbooo.cn/m/642736,2015
642747,一起脱单吧,http://www.cbooo.cn/m/642747,2015
626209,大秧歌,http://www.cbooo.cn/m/626209,2015
641108,灵魂摆渡2,http://www.cbooo.cn/m/641108,2015
642725,侠僧探案传奇之白马镖局,http://www.cbooo.cn/m/642725,2015
642743,校园合伙人,http://www.cbooo.cn/m/642743,2015
